,numDots,subdomainLevel,pathLevel,urlLength,numDash,numDashHostname,atSymbol,tildeSymbol,numUnderscore,numPercent,numQueryComponents,numApersand,numHash,numNumericChars,noHttps,ipAddress,domainInSubdomains,domainInPaths,httpsInHostname,hostNameLength,pathLength,queryLength,doubleSlash,type
0,2.0,2.0,1.0,16.0,1.0,1.0,0.0,0.0,0.0,0.0,0.0,0.0,0.0,0.0,1.0,0.0,0.0,0.0,,16.0,16.0,0.0,0.0,1.0
1,2.0,1.0,3.0,35.0,0.0,0.0,0.0,0.0,1.0,0.0,0.0,0.0,0.0,1.0,0.0,0.0,0.0,0.0,,11.0,35.0,0.0,0.0,0.0
2,2.0,1.0,4.0,31.0,0.0,0.0,0.0,0.0,0.0,0.0,0.0,0.0,0.0,1.0,0.0,0.0,0.0,0.0,,14.0,31.0,0.0,0.0,0.0
3,3.0,2.0,2.0,88.0,1.0,1.0,0.0,0.0,2.0,0.0,4.0,3.0,0.0,7.0,1.0,0.0,0.0,0.0,,21.0,10.0,49.0,1.0,1.0
4,2.0,1.0,2.0,235.0,1.0,1.0,0.0,0.0,1.0,0.0,3.0,2.0,0.0,22.0,1.0,0.0,0.0,0.0,,23.0,10.0,194.0,1.0,1.0
5,2.0,1.0,4.0,118.0,16.0,0.0,0.0,0.0,0.0,0.0,0.0,0.0,0.0,1.0,1.0,0.0,0.0,0.0,,11.0,100.0,0.0,1.0,0.0
6,2.0,2.0,7.0,45.0,1.0,0.0,0.0,0.0,1.0,0.0,0.0,0.0,0.0,4.0,1.0,0.0,0.0,0.0,,11.0,45.0,0.0,0.0,0.0
7,1.0,1.0,2.0,46.0,2.0,0.0,0.0,0.0,0.0,0.0,1.0,0.0,0.0,0.0,0.0,0.0,0.0,0.0,,18.0,19.0,26.0,0.0,0.0
8,2.0,2.0,2.0,44.0,1.0,0.0,0.0,0.0,0.0,0.0,0.0,0.0,0.0,0.0,1.0,0.0,0.0,0.0,,22.0,15.0,0.0,1.0,1.0
9,1.0,1.0,3.0,45.0,4.0,0.0,0.0,0.0,0.0,0.0,0.0,0.0,0.0,5.0,0.0,0.0,0.0,0.0,,12.0,45.0,0.0,0.0,0.0
10,2.0,1.0,4.0,62.0,3.0,0.0,0.0,0.0,0.0,0.0,0.0,0.0,0.0,7.0,0.0,0.0,0.0,0.0,,19.0,62.0,0.0,0.0,0.0
11,3.0,2.0,4.0,64.0,1.0,0.0,0.0,0.0,0.0,0.0,0.0,0.0,0.0,4.0,1.0,0.0,0.0,0.0,,20.0,37.0,0.0,1.0,1.0
12,1.0,1.0,4.0,30.0,0.0,0.0,0.0,0.0,0.0,0.0,0.0,0.0,0.0,8.0,1.0,0.0,0.0,0.0,,11.0,30.0,0.0,0.0,0.0
13,4.0,2.0,3.0,61.0,1.0,1.0,0.0,0.0,0.0,0.0,0.0,0.0,0.0,1.0,1.0,0.0,0.0,1.0,,32.0,22.0,0.0,1.0,1.0
14,3.0,2.0,2.0,51.0,0.0,0.0,0.0,0.0,0.0,0.0,1.0,0.0,0.0,2.0,0.0,0.0,0.0,0.0,False,21.0,14.0,8.0,1.0,1.0
15,1.0,1.0,3.0,48.0,0.0,0.0,0.0,0.0,0.0,0.0,0.0,0.0,0.0,0.0,1.0,0.0,0.0,0.0,,21.0,20.0,0.0,1.0,1.0
16,3.0,2.0,4.0,44.0,0.0,0.0,0.0,0.0,1.0,0.0,0.0,0.0,0.0,0.0,1.0,None,0.0,0.0,,21.0,44.0,0.0,0.0,0.0
17,2.0,1.0,2.0,52.0,0.0,0.0,0.0,0.0,0.0,0.0,2.0,1.0,0.0,7.0,1.0,False,0.0,0.0,,9.0,29.0,22.0,0.0,0.0
18,2.0,2.0,6.0,46.0,1.0,0.0,0.0,0.0,0.0,0.0,0.0,0.0,0.0,7.0,0.0,False,0.0,0.0,,15.0,46.0,0.0,0.0,0.0
19,3.0,2.0,2.0,34.0,1.0,0.0,0.0,0.0,0.0,0.0,0.0,0.0,0.0,0.0,1.0,False,0.0,0.0,,11.0,16.0,0.0,1.0,1.0
20,2.0,1.0,4.0,48.0,1.0,1.0,0.0,0.0,0.0,0.0,0.0,0.0,0.0,2.0,1.0,False,0.0,0.0,,22.0,48.0,0.0,0.0,0.0
21,6.0,6.0,1.0,42.0,0.0,0.0,0.0,0.0,0.0,0.0,0.0,0.0,0.0,0.0,1.0,False,0.0,0.0,,42.0,42.0,0.0,0.0,1.0
22,1.0,1.0,6.0,35.0,0.0,0.0,0.0,0.0,0.0,0.0,0.0,0.0,0.0,3.0,1.0,False,0.0,0.0,,7.0,35.0,0.0,0.0,0.0
23,2.0,1.0,6.0,83.0,6.0,0.0,0.0,0.0,0.0,0.0,0.0,0.0,0.0,8.0,1.0,False,0.0,0.0,,11.0,83.0,0.0,0.0,0.0
24,1.0,1.0,4.0,33.0,0.0,0.0,0.0,0.0,0.0,0.0,0.0,0.0,0.0,5.0,1.0,False,0.0,0.0,,16.0,33.0,0.0,0.0,0.0
25,2.0,1.0,2.0,33.0,0.0,0.0,0.0,0.0,0.0,0.0,1.0,0.0,0.0,5.0,1.0,False,0.0,0.0,,13.0,24.0,8.0,0.0,0.0
26,1.0,1.0,4.0,30.0,0.0,0.0,0.0,0.0,0.0,0.0,0.0,0.0,0.0,0.0,1.0,False,0.0,0.0,,14.0,30.0,0.0,0.0,0.0
27,1.0,1.0,6.0,85.0,6.0,0.0,0.0,0.0,0.0,0.0,0.0,0.0,0.0,12.0,1.0,False,0.0,0.0,,17.0,61.0,0.0,1.0,0.0
28,2.0,2.0,4.0,71.0,0.0,0.0,0.0,0.0,0.0,0.0,0.0,0.0,0.0,17.0,1.0,False,0.0,0.0,,27.0,37.0,0.0,1.0,1.0
29,2.0,2.0,3.0,34.0,0.0,0.0,0.0,0.0,1.0,0.0,0.0,0.0,0.0,0.0,1.0,False,0.0,0.0,,16.0,34.0,0.0,0.0,0.0
30,2.0,2.0,7.0,81.0,0.0,0.0,0.0,0.0,6.0,0.0,0.0,0.0,0.0,5.0,1.0,False,0.0,0.0,,18.0,81.0,0.0,0.0,0.0
31,2.0,1.0,4.0,53.0,2.0,0.0,0.0,0.0,0.0,0.0,0.0,0.0,0.0,4.0,0.0,False,0.0,0.0,,17.0,53.0,0.0,0.0,0.0
32,2.0,2.0,3.0,38.0,0.0,0.0,0.0,0.0,1.0,0.0,0.0,0.0,0.0,5.0,1.0,False,0.0,0.0,,17.0,38.0,0.0,0.0,0.0
33,1.0,1.0,3.0,33.0,0.0,0.0,0.0,0.0,0.0,0.0,0.0,0.0,0.0,0.0,1.0,False,0.0,0.0,,13.0,33.0,0.0,0.0,0.0
34,3.0,2.0,2.0,64.0,0.0,0.0,0.0,0.0,0.0,0.0,3.0,2.0,0.0,9.0,1.0,False,0.0,0.0,,21.0,35.0,28.0,0.0,0.0
35,3.0,1.0,2.0,102.0,0.0,0.0,0.0,0.0,2.0,0.0,4.0,3.0,0.0,4.0,0.0,False,0.0,1.0,False,21.0,10.0,63.0,1.0,1.0
36,2.0,2.0,2.0,48.0,0.0,0.0,0.0,0.0,0.0,0.0,3.0,2.0,0.0,10.0,1.0,False,0.0,0.0,,16.0,21.0,26.0,0.0,0.0
37,1.0,1.0,4.0,29.0,0.0,0.0,0.0,0.0,0.0,0.0,0.0,0.0,0.0,0.0,1.0,False,0.0,0.0,,14.0,29.0,0.0,0.0,0.0
38,3.0,2.0,4.0,67.0,0.0,0.0,0.0,0.0,0.0,0.0,2.0,1.0,0.0,6.0,0.0,False,0.0,0.0,False,14.0,27.0,18.0,1.0,1.0
39,3.0,2.0,4.0,44.0,0.0,0.0,0.0,0.0,0.0,0.0,0.0,0.0,0.0,0.0,1.0,False,0.0,0.0,,11.0,26.0,0.0,1.0,1.0
40,2.0,2.0,3.0,87.0,0.0,0.0,0.0,0.0,0.0,0.0,1.0,0.0,0.0,5.0,1.0,False,0.0,0.0,,15.0,21.0,42.0,1.0,1.0
41,2.0,2.0,3.0,34.0,0.0,0.0,0.0,0.0,0.0,0.0,0.0,0.0,0.0,0.0,1.0,False,0.0,0.0,,20.0,34.0,0.0,0.0,0.0
42,2.0,2.0,3.0,36.0,0.0,0.0,0.0,0.0,0.0,0.0,0.0,0.0,0.0,0.0,1.0,False,0.0,0.0,,16.0,36.0,0.0,0.0,0.0
43,2.0,2.0,4.0,99.0,7.0,0.0,0.0,0.0,2.0,0.0,0.0,0.0,0.0,19.0,0.0,False,0.0,0.0,,25.0,99.0,0.0,0.0,0.0
44,1.0,1.0,2.0,15.0,0.0,0.0,0.0,0.0,0.0,0.0,0.0,0.0,0.0,0.0,1.0,False,0.0,0.0,,14.0,15.0,0.0,0.0,0.0
45,1.0,1.0,2.0,27.0,0.0,0.0,0.0,0.0,0.0,0.0,0.0,0.0,0.0,0.0,1.0,False,0.0,0.0,,26.0,27.0,0.0,0.0,0.0
46,1.0,1.0,3.0,82.0,6.0,1.0,0.0,0.0,0.0,0.0,0.0,0.0,0.0,0.0,0.0,False,0.0,0.0,False,14.0,61.0,0.0,1.0,1.0
47,1.0,1.0,5.0,29.0,0.0,0.0,0.0,0.0,0.0,0.0,0.0,0.0,0.0,0.0,1.0,False,0.0,0.0,,9.0,29.0,0.0,0.0,0.0
48,2.0,1.0,3.0,31.0,0.0,0.0,0.0,0.0,0.0,0.0,0.0,0.0,0.0,0.0,1.0,False,0.0,0.0,,13.0,31.0,0.0,0.0,0.0
49,2.0,1.0,3.0,129.0,0.0,0.0,0.0,0.0,2.0,0.0,5.0,4.0,0.0,27.0,1.0,False,0.0,0.0,,13.0,28.0,80.0,1.0,0.0
50,4.0,3.0,4.0,100.0,11.0,0.0,0.0,0.0,0.0,0.0,0.0,0.0,0.0,1.0,1.0,False,0.0,0.0,,16.0,77.0,0.0,1.0,1.0
51,2.0,2.0,3.0,49.0,1.0,0.0,0.0,0.0,0.0,0.0,0.0,0.0,0.0,0.0,1.0,False,0.0,0.0,,23.0,19.0,0.0,1.0,1.0
52,2.0,2.0,2.0,31.0,0.0,0.0,0.0,0.0,0.0,0.0,0.0,0.0,0.0,0.0,1.0,False,0.0,0.0,,17.0,31.0,0.0,0.0,0.0
53,2.0,2.0,3.0,46.0,0.0,0.0,0.0,0.0,2.0,0.0,0.0,0.0,0.0,0.0,1.0,False,0.0,0.0,,16.0,46.0,0.0,0.0,0.0
54,1.0,1.0,2.0,7.0,0.0,0.0,0.0,0.0,0.0,0.0,0.0,0.0,0.0,0.0,1.0,False,0.0,0.0,,6.0,7.0,0.0,0.0,0.0
55,3.0,2.0,6.0,91.0,0.0,0.0,0.0,0.0,4.0,0.0,0.0,0.0,0.0,14.0,1.0,False,0.0,0.0,,27.0,91.0,0.0,0.0,0.0
56,1.0,1.0,6.0,43.0,1.0,0.0,0.0,0.0,0.0,0.0,0.0,0.0,0.0,6.0,0.0,False,0.0,0.0,,12.0,43.0,0.0,0.0,0.0
57,1.0,1.0,2.0,18.0,0.0,0.0,0.0,0.0,0.0,0.0,0.0,0.0,0.0,0.0,1.0,False,0.0,0.0,,17.0,18.0,0.0,0.0,0.0
58,2.0,1.0,6.0,121.0,0.0,0.0,0.0,0.0,9.0,0.0,0.0,0.0,0.0,0.0,1.0,False,0.0,0.0,,9.0,121.0,0.0,0.0,0.0
59,1.0,1.0,5.0,47.0,0.0,0.0,0.0,0.0,1.0,0.0,0.0,0.0,0.0,0.0,1.0,False,0.0,1.0,,6.0,47.0,0.0,0.0,0.0
60,4.0,3.0,2.0,32.0,0.0,0.0,0.0,0.0,0.0,0.0,0.0,0.0,0.0,0.0,1.0,False,0.0,0.0,,18.0,7.0,0.0,1.0,1.0
61,3.0,2.0,2.0,172.0,10.0,0.0,0.0,0.0,1.0,0.0,9.0,8.0,0.0,33.0,1.0,None,0.0,0.0,,16.0,10.0,138.0,1.0,1.0
62,2.0,1.0,3.0,24.0,0.0,0.0,0.0,0.0,0.0,0.0,0.0,0.0,0.0,0.0,1.0,False,0.0,0.0,,9.0,24.0,0.0,0.0,0.0
63,2.0,2.0,2.0,29.0,0.0,0.0,0.0,0.0,0.0,0.0,0.0,0.0,0.0,0.0,0.0,False,0.0,0.0,,28.0,29.0,0.0,0.0,0.0
64,1.0,1.0,2.0,19.0,0.0,0.0,0.0,0.0,0.0,0.0,0.0,0.0,0.0,0.0,1.0,False,0.0,0.0,,18.0,19.0,0.0,0.0,0.0
65,4.0,3.0,2.0,44.0,0.0,0.0,0.0,0.0,0.0,0.0,0.0,0.0,0.0,0.0,1.0,False,0.0,0.0,,26.0,11.0,0.0,1.0,1.0
66,2.0,2.0,3.0,39.0,1.0,0.0,0.0,0.0,0.0,0.0,0.0,0.0,0.0,1.0,0.0,False,0.0,0.0,False,14.0,18.0,0.0,1.0,1.0
67,2.0,1.0,6.0,50.0,0.0,0.0,0.0,0.0,1.0,0.0,0.0,0.0,0.0,11.0,1.0,False,0.0,0.0,,14.0,50.0,0.0,0.0,0.0
68,3.0,2.0,2.0,55.0,0.0,0.0,0.0,0.0,1.0,1.0,1.0,0.0,0.0,5.0,1.0,False,0.0,0.0,,17.0,17.0,13.0,1.0,1.0
69,3.0,2.0,3.0,29.0,0.0,0.0,0.0,0.0,0.0,0.0,0.0,0.0,0.0,3.0,1.0,False,0.0,0.0,,15.0,29.0,0.0,0.0,0.0
70,1.0,1.0,4.0,32.0,0.0,0.0,0.0,0.0,0.0,0.0,0.0,0.0,0.0,1.0,0.0,False,0.0,0.0,,12.0,32.0,0.0,0.0,0.0
71,2.0,2.0,2.0,30.0,0.0,0.0,0.0,0.0,0.0,0.0,0.0,0.0,0.0,0.0,1.0,False,0.0,0.0,,29.0,30.0,0.0,0.0,0.0
72,1.0,1.0,1.0,20.0,0.0,0.0,0.0,0.0,0.0,0.0,0.0,0.0,0.0,0.0,1.0,False,0.0,0.0,,20.0,20.0,0.0,0.0,1.0
73,1.0,1.0,2.0,33.0,0.0,0.0,0.0,0.0,0.0,0.0,1.0,0.0,0.0,0.0,1.0,False,0.0,0.0,,9.0,18.0,14.0,0.0,0.0
74,1.0,1.0,5.0,38.0,0.0,0.0,0.0,0.0,0.0,0.0,0.0,0.0,0.0,0.0,1.0,False,0.0,0.0,,12.0,38.0,0.0,0.0,0.0
75,1.0,1.0,7.0,40.0,0.0,0.0,0.0,0.0,0.0,0.0,0.0,0.0,0.0,12.0,1.0,False,0.0,0.0,,13.0,40.0,0.0,0.0,0.0
76,2.0,2.0,2.0,67.0,5.0,0.0,0.0,0.0,0.0,0.0,0.0,0.0,0.0,8.0,1.0,False,0.0,0.0,,15.0,67.0,0.0,0.0,0.0
77,2.0,1.0,2.0,120.0,5.0,0.0,0.0,0.0,6.0,0.0,0.0,0.0,0.0,13.0,1.0,False,0.0,0.0,,15.0,120.0,0.0,0.0,0.0
78,2.0,2.0,5.0,112.0,9.0,0.0,0.0,0.0,0.0,0.0,0.0,0.0,0.0,0.0,1.0,False,0.0,0.0,,21.0,112.0,0.0,0.0,0.0
79,3.0,1.0,3.0,50.0,0.0,0.0,0.0,0.0,0.0,0.0,1.0,0.0,0.0,0.0,1.0,False,0.0,1.0,,17.0,26.0,23.0,0.0,0.0
80,2.0,2.0,4.0,66.0,3.0,1.0,0.0,0.0,0.0,0.0,0.0,0.0,0.0,2.0,1.0,False,0.0,1.0,,19.0,40.0,0.0,1.0,1.0
81,2.0,2.0,3.0,65.0,3.0,0.0,0.0,0.0,0.0,0.0,0.0,0.0,0.0,0.0,1.0,False,0.0,0.0,,33.0,65.0,0.0,0.0,0.0
82,1.0,1.0,2.0,31.0,0.0,0.0,0.0,0.0,0.0,0.0,1.0,0.0,0.0,1.0,1.0,False,0.0,0.0,,11.0,17.0,13.0,0.0,0.0
83,1.0,1.0,2.0,21.0,1.0,1.0,0.0,0.0,0.0,0.0,0.0,0.0,0.0,0.0,0.0,False,0.0,0.0,,20.0,21.0,0.0,0.0,0.0
84,1.0,1.0,3.0,104.0,17.0,0.0,0.0,0.0,0.0,3.0,0.0,0.0,0.0,5.0,0.0,False,0.0,0.0,,10.0,104.0,0.0,0.0,0.0
85,2.0,1.0,5.0,58.0,4.0,0.0,0.0,0.0,0.0,0.0,0.0,0.0,0.0,4.0,1.0,False,0.0,0.0,,10.0,58.0,0.0,0.0,0.0
86,2.0,1.0,4.0,60.0,1.0,0.0,0.0,0.0,0.0,0.0,0.0,0.0,0.0,0.0,1.0,False,0.0,0.0,,20.0,33.0,0.0,1.0,1.0
87,3.0,2.0,9.0,153.0,3.0,1.0,0.0,0.0,0.0,0.0,0.0,0.0,0.0,47.0,1.0,False,0.0,0.0,,20.0,126.0,0.0,1.0,1.0
88,1.0,1.0,5.0,36.0,0.0,0.0,0.0,0.0,0.0,0.0,0.0,0.0,0.0,3.0,1.0,False,0.0,0.0,,8.0,36.0,0.0,0.0,0.0
89,1.0,1.0,2.0,22.0,0.0,0.0,0.0,0.0,0.0,0.0,0.0,0.0,0.0,0.0,0.0,False,0.0,0.0,,10.0,22.0,0.0,0.0,0.0
90,3.0,2.0,2.0,65.0,0.0,0.0,0.0,0.0,1.0,0.0,2.0,1.0,0.0,0.0,0.0,False,0.0,0.0,False,20.0,10.0,27.0,1.0,1.0
91,1.0,1.0,5.0,229.0,7.0,0.0,0.0,0.0,0.0,62.0,0.0,0.0,0.0,30.0,1.0,False,0.0,0.0,,10.0,212.0,0.0,1.0,0.0
92,1.0,1.0,4.0,69.0,7.0,0.0,0.0,0.0,0.0,0.0,0.0,0.0,0.0,0.0,0.0,False,0.0,0.0,,8.0,69.0,0.0,0.0,0.0
93,1.0,1.0,4.0,54.0,0.0,0.0,0.0,0.0,4.0,0.0,0.0,0.0,0.0,1.0,1.0,False,0.0,0.0,,14.0,54.0,0.0,0.0,0.0
94,2.0,2.0,1.0,19.0,0.0,0.0,0.0,0.0,0.0,0.0,0.0,0.0,0.0,1.0,1.0,False,0.0,0.0,,19.0,19.0,0.0,0.0,1.0
95,1.0,1.0,7.0,98.0,4.0,0.0,0.0,0.0,1.0,0.0,0.0,0.0,0.0,0.0,1.0,False,0.0,1.0,,15.0,76.0,0.0,1.0,0.0
96,4.0,2.0,2.0,73.0,0.0,0.0,0.0,0.0,1.0,0.0,2.0,1.0,0.0,2.0,0.0,False,0.0,0.0,False,20.0,14.0,31.0,1.0,1.0
97,2.0,2.0,3.0,33.0,0.0,0.0,0.0,0.0,1.0,0.0,0.0,0.0,0.0,0.0,1.0,False,0.0,0.0,,16.0,33.0,0.0,0.0,0.0
98,1.0,1.0,4.0,107.0,9.0,0.0,0.0,0.0,0.0,0.0,0.0,0.0,0.0,6.0,1.0,False,0.0,0.0,,15.0,85.0,0.0,1.0,0.0
99,4.0,3.0,2.0,80.0,0.0,0.0,0.0,0.0,1.0,0.0,3.0,2.0,0.0,3.0,1.0,False,0.0,1.0,,20.0,10.0,42.0,1.0,1.0
100,2.0,1.0,2.0,22.0,0.0,0.0,0.0,0.0,0.0,0.0,0.0,0.0,0.0,0.0,0.0,False,0.0,0.0,,10.0,22.0,0.0,0.0,0.0
101,2.0,2.0,3.0,50.0,2.0,1.0,0.0,0.0,0.0,0.0,0.0,0.0,0.0,2.0,0.0,False,0.0,0.0,False,21.0,22.0,0.0,1.0,1.0
102,1.0,1.0,7.0,112.0,12.0,0.0,0.0,0.0,0.0,0.0,0.0,0.0,0.0,12.0,1.0,False,0.0,1.0,,12.0,112.0,0.0,0.0,0.0
103,1.0,1.0,6.0,41.0,1.0,0.0,0.0,0.0,0.0,0.0,0.0,0.0,0.0,6.0,0.0,False,0.0,0.0,,12.0,41.0,0.0,0.0,0.0
104,3.0,3.0,4.0,79.0,4.0,1.0,0.0,0.0,0.0,0.0,0.0,0.0,0.0,4.0,1.0,False,0.0,0.0,,22.0,50.0,0.0,1.0,1.0
105,2.0,2.0,1.0,27.0,0.0,0.0,0.0,0.0,0.0,0.0,0.0,0.0,0.0,0.0,1.0,False,0.0,0.0,,27.0,27.0,0.0,0.0,1.0
106,3.0,2.0,6.0,113.0,5.0,0.0,0.0,0.0,0.0,0.0,0.0,0.0,0.0,19.0,1.0,False,0.0,0.0,,14.0,92.0,0.0,1.0,1.0
107,1.0,1.0,2.0,23.0,0.0,0.0,0.0,0.0,0.0,0.0,0.0,0.0,0.0,0.0,1.0,False,0.0,0.0,,22.0,23.0,0.0,0.0,0.0
108,1.0,1.0,2.0,14.0,0.0,0.0,0.0,0.0,0.0,0.0,0.0,0.0,0.0,0.0,1.0,False,0.0,0.0,,13.0,14.0,0.0,0.0,0.0
109,2.0,2.0,3.0,38.0,0.0,0.0,0.0,0.0,1.0,0.0,0.0,0.0,0.0,0.0,1.0,False,0.0,0.0,,19.0,38.0,0.0,0.0,0.0
110,1.0,1.0,4.0,150.0,21.0,0.0,0.0,0.0,0.0,0.0,0.0,0.0,0.0,6.0,1.0,False,0.0,0.0,,13.0,150.0,0.0,0.0,0.0
111,4.0,2.0,4.0,89.0,4.0,1.0,0.0,0.0,0.0,0.0,1.0,0.0,0.0,0.0,0.0,False,0.0,0.0,False,21.0,41.0,19.0,1.0,1.0
112,1.0,1.0,2.0,13.0,0.0,0.0,0.0,0.0,0.0,0.0,0.0,0.0,0.0,0.0,1.0,False,0.0,0.0,,12.0,13.0,0.0,0.0,0.0
113,1.0,1.0,3.0,41.0,2.0,0.0,0.0,0.0,0.0,0.0,0.0,0.0,0.0,0.0,0.0,False,0.0,0.0,,17.0,41.0,0.0,0.0,0.0
114,2.0,1.0,4.0,119.0,7.0,0.0,0.0,0.0,0.0,0.0,1.0,0.0,0.0,17.0,1.0,False,0.0,0.0,,13.0,42.0,56.0,1.0,0.0
115,1.0,1.0,3.0,81.0,0.0,0.0,0.0,0.0,0.0,21.0,0.0,0.0,0.0,22.0,1.0,False,0.0,0.0,,9.0,65.0,0.0,1.0,1.0
116,1.0,1.0,3.0,84.0,11.0,0.0,0.0,0.0,0.0,0.0,0.0,0.0,0.0,6.0,1.0,False,0.0,0.0,,18.0,84.0,0.0,0.0,0.0
117,3.0,2.0,2.0,50.0,1.0,1.0,0.0,0.0,0.0,0.0,1.0,0.0,0.0,0.0,0.0,False,0.0,0.0,False,26.0,8.0,8.0,1.0,1.0
118,2.0,1.0,5.0,76.0,6.0,0.0,0.0,0.0,0.0,0.0,0.0,0.0,0.0,4.0,0.0,False,0.0,0.0,,12.0,76.0,0.0,0.0,0.0
119,1.0,1.0,2.0,25.0,0.0,0.0,0.0,0.0,0.0,0.0,0.0,0.0,0.0,0.0,1.0,False,0.0,0.0,,24.0,25.0,0.0,0.0,0.0
120,3.0,2.0,7.0,80.0,0.0,0.0,0.0,0.0,0.0,0.0,0.0,0.0,0.0,0.0,1.0,False,0.0,0.0,,23.0,80.0,0.0,0.0,0.0
121,1.0,1.0,5.0,52.0,1.0,0.0,0.0,0.0,0.0,0.0,0.0,0.0,0.0,0.0,0.0,False,0.0,0.0,,10.0,52.0,0.0,0.0,0.0
122,1.0,1.0,2.0,23.0,1.0,1.0,0.0,0.0,0.0,0.0,0.0,0.0,0.0,0.0,0.0,False,0.0,0.0,,22.0,23.0,0.0,0.0,0.0
123,2.0,2.0,3.0,47.0,0.0,0.0,0.0,0.0,4.0,0.0,0.0,0.0,0.0,0.0,1.0,False,0.0,0.0,,16.0,47.0,0.0,0.0,0.0
124,3.0,2.0,2.0,92.0,1.0,1.0,0.0,0.0,1.0,0.0,4.0,3.0,0.0,4.0,1.0,False,0.0,1.0,,27.0,10.0,47.0,1.0,1.0
125,2.0,1.0,3.0,52.0,2.0,0.0,0.0,0.0,0.0,0.0,0.0,0.0,0.0,0.0,1.0,False,0.0,1.0,,11.0,52.0,0.0,0.0,0.0
126,1.0,1.0,1.0,22.0,1.0,1.0,0.0,0.0,0.0,0.0,0.0,0.0,0.0,0.0,1.0,False,0.0,0.0,,22.0,22.0,0.0,0.0,1.0
127,2.0,1.0,3.0,85.0,12.0,0.0,0.0,0.0,0.0,0.0,0.0,0.0,0.0,6.0,1.0,False,0.0,0.0,,13.0,65.0,0.0,1.0,0.0
128,4.0,1.0,5.0,58.0,1.0,0.0,0.0,0.0,0.0,0.0,0.0,0.0,0.0,10.0,0.0,False,0.0,0.0,,15.0,58.0,0.0,0.0,0.0
129,2.0,1.0,2.0,290.0,1.0,0.0,0.0,0.0,0.0,68.0,1.0,0.0,0.0,90.0,1.0,False,0.0,0.0,,11.0,5.0,265.0,1.0,0.0
130,2.0,2.0,6.0,136.0,10.0,0.0,0.0,0.0,0.0,0.0,0.0,0.0,0.0,1.0,1.0,False,0.0,1.0,,15.0,114.0,0.0,1.0,0.0
131,2.0,1.0,6.0,87.0,4.0,0.0,0.0,0.0,0.0,0.0,0.0,0.0,0.0,1.0,1.0,False,0.0,1.0,,6.0,74.0,0.0,1.0,0.0
132,3.0,2.0,3.0,53.0,2.0,1.0,0.0,0.0,0.0,0.0,0.0,0.0,0.0,0.0,1.0,False,0.0,0.0,,22.0,24.0,0.0,1.0,1.0
133,2.0,2.0,5.0,46.0,1.0,0.0,0.0,0.0,0.0,0.0,0.0,0.0,0.0,6.0,1.0,False,0.0,0.0,,17.0,46.0,0.0,0.0,0.0
134,2.0,2.0,2.0,31.0,0.0,0.0,0.0,0.0,0.0,0.0,0.0,0.0,0.0,0.0,0.0,False,0.0,0.0,,30.0,31.0,0.0,0.0,0.0
135,1.0,1.0,3.0,41.0,1.0,0.0,0.0,0.0,0.0,0.0,0.0,0.0,0.0,0.0,1.0,False,0.0,0.0,,14.0,41.0,0.0,0.0,0.0
136,2.0,1.0,4.0,44.0,0.0,0.0,0.0,0.0,0.0,0.0,0.0,0.0,0.0,1.0,1.0,False,0.0,0.0,,17.0,44.0,0.0,0.0,0.0
137,3.0,2.0,2.0,81.0,0.0,0.0,0.0,0.0,1.0,0.0,4.0,3.0,0.0,2.0,1.0,False,0.0,0.0,,18.0,10.0,45.0,1.0,1.0
138,2.0,1.0,5.0,77.0,0.0,0.0,0.0,0.0,2.0,0.0,0.0,0.0,0.0,2.0,1.0,False,0.0,0.0,,26.0,77.0,0.0,0.0,0.0
139,2.0,2.0,5.0,63.0,0.0,0.0,0.0,0.0,1.0,0.0,0.0,0.0,0.0,0.0,1.0,False,0.0,1.0,,23.0,33.0,0.0,1.0,1.0
140,1.0,1.0,4.0,108.0,9.0,0.0,0.0,0.0,0.0,0.0,0.0,0.0,0.0,7.0,1.0,False,0.0,0.0,,12.0,89.0,0.0,1.0,0.0
141,1.0,1.0,4.0,49.0,1.0,0.0,0.0,0.0,0.0,0.0,0.0,0.0,0.0,15.0,1.0,False,0.0,0.0,,12.0,49.0,0.0,0.0,0.0
142,2.0,1.0,2.0,63.0,0.0,0.0,0.0,0.0,3.0,0.0,0.0,0.0,0.0,3.0,1.0,False,0.0,0.0,,25.0,63.0,0.0,0.0,0.0
143,1.0,1.0,6.0,52.0,1.0,0.0,0.0,0.0,0.0,0.0,0.0,0.0,0.0,0.0,1.0,False,0.0,0.0,,13.0,52.0,0.0,0.0,0.0
144,2.0,1.0,2.0,41.0,3.0,0.0,0.0,0.0,0.0,0.0,0.0,0.0,0.0,3.0,1.0,False,0.0,0.0,,10.0,41.0,0.0,0.0,0.0
145,1.0,1.0,5.0,53.0,3.0,1.0,0.0,0.0,0.0,0.0,0.0,0.0,0.0,0.0,1.0,False,0.0,0.0,,15.0,53.0,0.0,0.0,0.0
146,4.0,3.0,2.0,86.0,2.0,0.0,0.0,0.0,1.0,0.0,2.0,1.0,0.0,2.0,1.0,False,0.0,1.0,,25.0,22.0,31.0,1.0,1.0
147,2.0,1.0,2.0,83.0,0.0,0.0,0.0,0.0,1.0,0.0,5.0,4.0,0.0,3.0,0.0,False,0.0,1.0,False,11.0,10.0,54.0,1.0,1.0
148,1.0,1.0,5.0,42.0,0.0,0.0,0.0,0.0,0.0,0.0,0.0,0.0,0.0,0.0,0.0,False,0.0,0.0,,12.0,42.0,0.0,0.0,0.0
149,2.0,1.0,3.0,27.0,0.0,0.0,0.0,0.0,0.0,0.0,0.0,0.0,0.0,2.0,0.0,False,0.0,0.0,,8.0,27.0,0.0,0.0,0.0
150,2.0,1.0,5.0,72.0,3.0,0.0,0.0,0.0,2.0,0.0,0.0,0.0,0.0,15.0,1.0,False,0.0,0.0,,18.0,72.0,0.0,0.0,0.0
151,1.0,1.0,4.0,98.0,10.0,0.0,0.0,0.0,0.0,0.0,0.0,0.0,0.0,6.0,1.0,False,0.0,0.0,,6.0,85.0,0.0,1.0,0.0
152,3.0,2.0,3.0,79.0,0.0,0.0,0.0,0.0,0.0,0.0,1.0,0.0,0.0,25.0,1.0,False,0.0,0.0,,18.0,36.0,42.0,0.0,0.0
153,1.0,1.0,2.0,21.0,0.0,0.0,0.0,0.0,0.0,0.0,0.0,0.0,0.0,0.0,1.0,False,0.0,0.0,,20.0,21.0,0.0,0.0,0.0
154,2.0,2.0,3.0,33.0,0.0,0.0,0.0,0.0,1.0,0.0,0.0,0.0,0.0,0.0,1.0,False,0.0,0.0,,16.0,33.0,0.0,0.0,0.0
155,2.0,2.0,2.0,20.0,0.0,0.0,0.0,0.0,0.0,0.0,0.0,0.0,0.0,0.0,1.0,False,0.0,0.0,,19.0,20.0,0.0,0.0,0.0
156,1.0,1.0,3.0,63.0,0.0,0.0,0.0,0.0,0.0,15.0,0.0,0.0,0.0,21.0,0.0,False,0.0,0.0,False,9.0,47.0,0.0,1.0,1.0
157,2.0,2.0,2.0,25.0,0.0,0.0,0.0,0.0,0.0,0.0,0.0,0.0,0.0,0.0,1.0,False,0.0,0.0,,24.0,25.0,0.0,0.0,0.0
158,1.0,1.0,1.0,15.0,0.0,0.0,0.0,0.0,0.0,0.0,0.0,0.0,0.0,0.0,1.0,False,0.0,0.0,,15.0,15.0,0.0,0.0,1.0
159,2.0,2.0,3.0,73.0,1.0,0.0,0.0,0.0,5.0,2.0,0.0,0.0,0.0,12.0,1.0,False,0.0,0.0,,21.0,73.0,0.0,0.0,0.0
160,1.0,1.0,5.0,88.0,9.0,0.0,0.0,0.0,0.0,0.0,0.0,0.0,0.0,6.0,1.0,False,0.0,0.0,,10.0,71.0,0.0,1.0,0.0
161,2.0,1.0,2.0,72.0,6.0,0.0,0.0,0.0,0.0,1.0,0.0,0.0,0.0,1.0,1.0,False,0.0,0.0,,17.0,72.0,0.0,0.0,0.0
162,3.0,2.0,2.0,230.0,13.0,0.0,0.0,0.0,1.0,0.0,5.0,4.0,0.0,5.0,1.0,False,0.0,1.0,,20.0,10.0,192.0,1.0,1.0
163,3.0,2.0,3.0,58.0,0.0,0.0,0.0,0.0,0.0,0.0,0.0,0.0,0.0,0.0,0.0,False,0.0,0.0,False,24.0,27.0,0.0,1.0,1.0
164,1.0,1.0,2.0,31.0,2.0,0.0,0.0,0.0,1.0,0.0,1.0,0.0,0.0,2.0,1.0,False,0.0,0.0,,11.0,17.0,13.0,0.0,0.0
165,1.0,1.0,2.0,20.0,0.0,0.0,0.0,0.0,0.0,0.0,0.0,0.0,0.0,3.0,1.0,False,0.0,0.0,,11.0,20.0,0.0,0.0,0.0
166,3.0,2.0,2.0,106.0,0.0,0.0,0.0,0.0,3.0,0.0,6.0,5.0,0.0,8.0,1.0,False,0.0,0.0,,23.0,10.0,65.0,1.0,1.0
167,1.0,1.0,1.0,30.0,0.0,0.0,0.0,0.0,0.0,0.0,0.0,0.0,0.0,0.0,1.0,False,0.0,0.0,,30.0,30.0,0.0,0.0,1.0
168,2.0,1.0,2.0,124.0,3.0,0.0,0.0,0.0,1.0,0.0,5.0,4.0,0.0,5.0,0.0,False,0.0,0.0,False,9.0,10.0,97.0,1.0,1.0
169,3.0,2.0,3.0,49.0,0.0,0.0,0.0,0.0,0.0,0.0,0.0,0.0,0.0,0.0,1.0,False,0.0,0.0,,19.0,23.0,0.0,1.0,1.0
170,2.0,2.0,5.0,58.0,2.0,0.0,0.0,0.0,0.0,0.0,0.0,0.0,0.0,0.0,0.0,False,0.0,0.0,,14.0,58.0,0.0,0.0,0.0
171,2.0,1.0,4.0,53.0,1.0,0.0,0.0,0.0,0.0,0.0,0.0,0.0,0.0,0.0,1.0,False,0.0,0.0,,13.0,53.0,0.0,0.0,0.0
172,2.0,1.0,7.0,96.0,6.0,0.0,0.0,0.0,0.0,0.0,0.0,0.0,0.0,8.0,1.0,False,0.0,0.0,,7.0,96.0,0.0,0.0,0.0
173,3.0,3.0,6.0,66.0,2.0,0.0,0.0,0.0,0.0,0.0,0.0,0.0,0.0,16.0,0.0,False,0.0,0.0,,30.0,66.0,0.0,0.0,0.0
174,1.0,1.0,4.0,41.0,1.0,0.0,0.0,0.0,0.0,0.0,0.0,0.0,0.0,0.0,1.0,False,0.0,0.0,,15.0,41.0,0.0,0.0,0.0
175,1.0,1.0,2.0,14.0,0.0,0.0,0.0,0.0,0.0,0.0,0.0,0.0,0.0,0.0,1.0,False,0.0,0.0,,13.0,14.0,0.0,0.0,0.0
176,2.0,2.0,6.0,79.0,5.0,0.0,0.0,0.0,0.0,0.0,0.0,0.0,0.0,13.0,1.0,False,0.0,0.0,,28.0,79.0,0.0,0.0,0.0
177,2.0,2.0,3.0,34.0,0.0,0.0,0.0,0.0,1.0,0.0,0.0,0.0,0.0,0.0,1.0,False,0.0,0.0,,16.0,34.0,0.0,0.0,0.0
178,2.0,1.0,2.0,75.0,5.0,0.0,0.0,0.0,2.0,0.0,2.0,1.0,0.0,7.0,1.0,False,0.0,0.0,,17.0,63.0,11.0,0.0,0.0
179,1.0,1.0,3.0,28.0,0.0,0.0,0.0,0.0,0.0,0.0,0.0,0.0,0.0,5.0,1.0,False,0.0,1.0,,13.0,28.0,0.0,0.0,0.0
180,1.0,1.0,4.0,114.0,13.0,0.0,0.0,0.0,0.0,0.0,0.0,0.0,0.0,6.0,1.0,False,0.0,0.0,,7.0,100.0,0.0,1.0,0.0
181,1.0,1.0,4.0,62.0,5.0,0.0,0.0,0.0,0.0,0.0,0.0,0.0,0.0,5.0,1.0,False,0.0,0.0,,15.0,62.0,0.0,0.0,0.0
182,2.0,1.0,3.0,85.0,9.0,0.0,0.0,0.0,0.0,0.0,0.0,0.0,0.0,11.0,1.0,False,0.0,0.0,,18.0,85.0,0.0,0.0,0.0
183,1.0,1.0,6.0,35.0,0.0,0.0,0.0,0.0,0.0,0.0,0.0,0.0,0.0,3.0,1.0,False,0.0,0.0,,7.0,35.0,0.0,0.0,0.0
184,3.0,2.0,3.0,36.0,0.0,0.0,0.0,0.0,0.0,0.0,0.0,0.0,0.0,4.0,0.0,False,0.0,0.0,,20.0,36.0,0.0,0.0,0.0
185,1.0,1.0,2.0,26.0,0.0,0.0,0.0,0.0,0.0,0.0,0.0,0.0,0.0,0.0,1.0,False,0.0,0.0,,12.0,26.0,0.0,0.0,0.0
186,1.0,1.0,2.0,12.0,0.0,0.0,0.0,0.0,0.0,0.0,0.0,0.0,0.0,0.0,0.0,False,0.0,0.0,,11.0,12.0,0.0,0.0,0.0
187,2.0,2.0,3.0,69.0,2.0,2.0,0.0,0.0,0.0,0.0,0.0,0.0,0.0,18.0,1.0,False,0.0,0.0,,28.0,34.0,0.0,1.0,1.0
188,1.0,1.0,5.0,51.0,3.0,0.0,0.0,0.0,0.0,0.0,0.0,0.0,0.0,2.0,1.0,False,0.0,0.0,,9.0,51.0,0.0,0.0,0.0
189,3.0,3.0,4.0,79.0,5.0,1.0,0.0,0.0,0.0,0.0,0.0,0.0,0.0,6.0,1.0,False,0.0,0.0,,29.0,43.0,0.0,1.0,1.0
190,4.0,2.0,4.0,52.0,1.0,0.0,0.0,0.0,0.0,0.0,1.0,0.0,0.0,6.0,1.0,False,0.0,0.0,,15.0,46.0,5.0,0.0,0.0
191,2.0,1.0,4.0,77.0,6.0,0.0,0.0,0.0,0.0,0.0,0.0,0.0,0.0,10.0,1.0,False,0.0,0.0,,14.0,77.0,0.0,0.0,0.0
192,1.0,1.0,2.0,22.0,0.0,0.0,0.0,0.0,0.0,0.0,1.0,0.0,0.0,3.0,1.0,False,0.0,0.0,,15.0,16.0,5.0,0.0,0.0
193,3.0,1.0,8.0,77.0,0.0,0.0,0.0,0.0,0.0,0.0,1.0,0.0,0.0,3.0,0.0,False,0.0,0.0,False,11.0,44.0,14.0,1.0,1.0
194,2.0,2.0,3.0,45.0,2.0,0.0,0.0,0.0,0.0,0.0,0.0,0.0,0.0,6.0,1.0,False,0.0,0.0,,21.0,45.0,0.0,0.0,0.0
195,1.0,1.0,4.0,43.0,2.0,0.0,0.0,0.0,0.0,0.0,0.0,0.0,0.0,11.0,1.0,False,0.0,0.0,,13.0,43.0,0.0,0.0,0.0
196,2.0,2.0,4.0,47.0,0.0,0.0,0.0,0.0,0.0,0.0,0.0,0.0,0.0,0.0,1.0,False,0.0,0.0,,17.0,47.0,0.0,0.0,0.0
197,1.0,1.0,6.0,54.0,1.0,0.0,0.0,0.0,0.0,0.0,0.0,0.0,0.0,5.0,1.0,False,0.0,0.0,,13.0,54.0,0.0,0.0,0.0
198,1.0,1.0,1.0,26.0,1.0,1.0,0.0,0.0,0.0,0.0,0.0,0.0,0.0,0.0,1.0,False,0.0,0.0,,26.0,26.0,0.0,0.0,1.0
199,2.0,1.0,2.0,30.0,0.0,0.0,0.0,0.0,0.0,0.0,0.0,0.0,0.0,0.0,1.0,False,0.0,0.0,,13.0,10.0,0.0,1.0,1.0
200,3.0,2.0,5.0,47.0,0.0,0.0,0.0,1.0,0.0,0.0,0.0,0.0,0.0,5.0,0.0,False,0.0,0.0,,16.0,47.0,0.0,0.0,0.0
201,1.0,1.0,3.0,26.0,0.0,0.0,0.0,0.0,0.0,0.0,0.0,0.0,0.0,0.0,0.0,False,0.0,0.0,,17.0,26.0,0.0,0.0,0.0
202,1.0,1.0,5.0,35.0,0.0,0.0,0.0,0.0,0.0,0.0,0.0,0.0,0.0,0.0,1.0,False,0.0,0.0,,8.0,35.0,0.0,0.0,0.0
203,1.0,1.0,6.0,67.0,0.0,0.0,0.0,0.0,6.0,0.0,0.0,0.0,0.0,28.0,1.0,False,0.0,0.0,,13.0,67.0,0.0,0.0,0.0
204,1.0,1.0,2.0,31.0,0.0,0.0,0.0,0.0,0.0,0.0,1.0,0.0,0.0,3.0,1.0,False,0.0,0.0,,11.0,17.0,13.0,0.0,0.0
205,2.0,2.0,3.0,33.0,0.0,0.0,0.0,0.0,1.0,0.0,0.0,0.0,0.0,0.0,1.0,False,0.0,0.0,,15.0,33.0,0.0,0.0,0.0
206,1.0,1.0,5.0,48.0,2.0,0.0,0.0,0.0,0.0,0.0,0.0,0.0,0.0,5.0,1.0,False,0.0,0.0,,13.0,48.0,0.0,0.0,0.0
207,2.0,1.0,3.0,91.0,5.0,0.0,0.0,0.0,0.0,0.0,2.0,1.0,0.0,5.0,1.0,False,0.0,0.0,,11.0,53.0,19.0,1.0,0.0
208,1.0,1.0,4.0,36.0,0.0,0.0,0.0,0.0,0.0,0.0,0.0,0.0,0.0,7.0,1.0,False,0.0,0.0,,13.0,36.0,0.0,0.0,0.0
209,1.0,1.0,4.0,69.0,5.0,0.0,0.0,0.0,0.0,0.0,0.0,0.0,0.0,16.0,1.0,False,0.0,0.0,,12.0,69.0,0.0,0.0,0.0
210,2.0,1.0,2.0,64.0,4.0,1.0,0.0,0.0,4.0,0.0,0.0,0.0,0.0,4.0,1.0,False,0.0,0.0,,15.0,64.0,0.0,0.0,0.0
211,1.0,1.0,3.0,33.0,0.0,0.0,0.0,0.0,1.0,0.0,0.0,0.0,0.0,5.0,1.0,False,0.0,0.0,,16.0,33.0,0.0,0.0,0.0
212,1.0,1.0,3.0,99.0,0.0,0.0,0.0,0.0,0.0,27.0,0.0,0.0,0.0,30.0,0.0,False,0.0,0.0,False,9.0,83.0,0.0,1.0,1.0
213,3.0,2.0,3.0,96.0,0.0,0.0,0.0,0.0,1.0,0.0,5.0,4.0,0.0,6.0,1.0,False,0.0,0.0,,15.0,17.0,56.0,1.0,1.0
214,2.0,1.0,5.0,56.0,0.0,0.0,0.0,0.0,0.0,0.0,0.0,0.0,0.0,0.0,0.0,False,0.0,0.0,,19.0,56.0,0.0,0.0,0.0
215,3.0,2.0,2.0,53.0,1.0,0.0,0.0,0.0,0.0,0.0,0.0,0.0,0.0,0.0,1.0,False,0.0,0.0,,28.0,18.0,0.0,1.0,1.0
216,1.0,1.0,2.0,26.0,0.0,0.0,0.0,0.0,0.0,0.0,0.0,0.0,0.0,0.0,1.0,False,0.0,0.0,,10.0,26.0,0.0,0.0,0.0
217,1.0,1.0,3.0,50.0,6.0,0.0,0.0,0.0,0.0,0.0,0.0,0.0,0.0,3.0,1.0,False,0.0,0.0,,16.0,50.0,0.0,0.0,0.0
218,2.0,1.0,3.0,81.0,8.0,0.0,0.0,0.0,0.0,0.0,0.0,0.0,0.0,1.0,1.0,False,0.0,0.0,,20.0,81.0,0.0,0.0,0.0
219,1.0,1.0,2.0,9.0,0.0,0.0,0.0,0.0,0.0,0.0,0.0,0.0,0.0,0.0,1.0,False,0.0,0.0,,8.0,9.0,0.0,0.0,0.0
220,2.0,1.0,2.0,71.0,4.0,0.0,0.0,0.0,0.0,0.0,0.0,0.0,0.0,0.0,1.0,False,0.0,0.0,,28.0,71.0,0.0,0.0,0.0
221,1.0,1.0,4.0,113.0,14.0,0.0,0.0,0.0,0.0,0.0,0.0,0.0,0.0,4.0,0.0,False,0.0,0.0,False,13.0,93.0,0.0,1.0,0.0
222,2.0,1.0,3.0,43.0,2.0,0.0,0.0,0.0,0.0,0.0,0.0,0.0,0.0,0.0,1.0,False,0.0,0.0,,10.0,43.0,0.0,0.0,0.0
223,1.0,1.0,3.0,58.0,6.0,0.0,0.0,0.0,0.0,0.0,0.0,0.0,0.0,0.0,0.0,False,0.0,0.0,,10.0,58.0,0.0,0.0,0.0
224,2.0,1.0,2.0,97.0,0.0,0.0,0.0,0.0,0.0,5.0,2.0,1.0,0.0,10.0,0.0,False,0.0,0.0,,20.0,35.0,61.0,0.0,0.0
225,1.0,1.0,3.0,99.0,0.0,0.0,0.0,0.0,0.0,1.0,0.0,0.0,0.0,8.0,0.0,False,0.0,0.0,,9.0,99.0,0.0,0.0,0.0
226,3.0,2.0,7.0,73.0,3.0,0.0,0.0,0.0,0.0,0.0,0.0,0.0,0.0,5.0,1.0,False,0.0,0.0,,29.0,73.0,0.0,0.0,0.0
227,2.0,2.0,2.0,35.0,0.0,0.0,0.0,0.0,0.0,0.0,0.0,0.0,0.0,0.0,1.0,False,0.0,0.0,,34.0,35.0,0.0,0.0,0.0
228,1.0,1.0,3.0,36.0,0.0,0.0,0.0,0.0,0.0,0.0,0.0,0.0,0.0,0.0,1.0,False,0.0,0.0,,10.0,36.0,0.0,0.0,0.0
229,2.0,1.0,6.0,142.0,22.0,0.0,0.0,0.0,0.0,0.0,0.0,0.0,0.0,12.0,1.0,False,0.0,0.0,,12.0,142.0,0.0,0.0,0.0
230,1.0,1.0,4.0,57.0,4.0,0.0,0.0,0.0,0.0,0.0,0.0,0.0,0.0,9.0,0.0,False,0.0,0.0,,13.0,57.0,0.0,0.0,0.0
231,2.0,1.0,3.0,41.0,0.0,0.0,0.0,0.0,0.0,0.0,1.0,0.0,0.0,4.0,1.0,False,0.0,0.0,,16.0,33.0,7.0,0.0,0.0
232,2.0,2.0,1.0,28.0,1.0,1.0,0.0,0.0,0.0,0.0,0.0,0.0,0.0,3.0,0.0,False,0.0,0.0,,28.0,28.0,0.0,0.0,1.0
233,1.0,1.0,2.0,25.0,0.0,0.0,0.0,0.0,0.0,0.0,1.0,0.0,0.0,3.0,0.0,False,0.0,0.0,,13.0,14.0,10.0,0.0,0.0
234,1.0,1.0,1.0,13.0,0.0,0.0,0.0,0.0,0.0,0.0,0.0,0.0,0.0,0.0,1.0,False,0.0,0.0,,13.0,13.0,0.0,0.0,1.0
235,1.0,1.0,4.0,35.0,2.0,0.0,0.0,0.0,0.0,0.0,0.0,0.0,0.0,4.0,0.0,False,0.0,0.0,,8.0,35.0,0.0,0.0,0.0
236,3.0,2.0,5.0,83.0,1.0,0.0,0.0,0.0,3.0,2.0,0.0,0.0,0.0,11.0,1.0,False,0.0,0.0,,25.0,83.0,0.0,0.0,0.0
237,3.0,1.0,8.0,93.0,6.0,0.0,0.0,0.0,0.0,0.0,0.0,0.0,0.0,9.0,0.0,False,0.0,0.0,False,14.0,72.0,0.0,1.0,0.0
238,2.0,1.0,4.0,73.0,1.0,0.0,0.0,0.0,0.0,0.0,0.0,0.0,0.0,3.0,1.0,False,0.0,0.0,,34.0,32.0,0.0,1.0,1.0
239,2.0,2.0,2.0,20.0,0.0,0.0,0.0,0.0,0.0,0.0,0.0,0.0,0.0,0.0,0.0,False,0.0,0.0,,19.0,20.0,0.0,0.0,0.0
240,2.0,1.0,2.0,81.0,1.0,0.0,0.0,0.0,0.0,0.0,8.0,7.0,0.0,17.0,0.0,False,0.0,0.0,False,13.0,18.0,42.0,1.0,1.0
241,2.0,1.0,3.0,35.0,0.0,0.0,0.0,0.0,1.0,0.0,0.0,0.0,0.0,0.0,1.0,False,0.0,0.0,,15.0,35.0,0.0,0.0,0.0
242,2.0,2.0,3.0,28.0,0.0,0.0,0.0,0.0,0.0,0.0,0.0,0.0,0.0,0.0,1.0,False,0.0,0.0,,15.0,28.0,0.0,0.0,0.0
243,1.0,1.0,3.0,81.0,0.0,0.0,0.0,0.0,0.0,21.0,0.0,0.0,0.0,26.0,1.0,False,0.0,0.0,,9.0,65.0,0.0,1.0,1.0
244,2.0,2.0,7.0,65.0,3.0,0.0,0.0,0.0,1.0,0.0,0.0,0.0,0.0,4.0,1.0,False,0.0,0.0,,11.0,65.0,0.0,0.0,0.0
245,1.0,1.0,3.0,105.0,13.0,0.0,0.0,0.0,0.0,0.0,0.0,0.0,0.0,8.0,1.0,False,0.0,1.0,,18.0,105.0,0.0,0.0,0.0
246,1.0,1.0,1.0,27.0,2.0,2.0,0.0,0.0,0.0,0.0,0.0,0.0,0.0,0.0,1.0,False,0.0,0.0,,27.0,27.0,0.0,0.0,1.0
247,2.0,1.0,3.0,92.0,1.0,0.0,0.0,0.0,1.0,0.0,3.0,2.0,0.0,10.0,1.0,False,0.0,0.0,,17.0,46.0,45.0,0.0,0.0
248,2.0,1.0,7.0,60.0,0.0,0.0,0.0,0.0,1.0,0.0,0.0,0.0,0.0,2.0,0.0,False,0.0,0.0,,17.0,60.0,0.0,0.0,0.0
249,1.0,1.0,2.0,17.0,0.0,0.0,0.0,0.0,0.0,0.0,0.0,0.0,0.0,0.0,0.0,False,0.0,0.0,,16.0,17.0,0.0,0.0,0.0
250,2.0,1.0,2.0,99.0,5.0,0.0,0.0,0.0,3.0,0.0,0.0,0.0,0.0,20.0,1.0,False,0.0,0.0,,15.0,99.0,0.0,0.0,0.0
251,4.0,3.0,3.0,59.0,1.0,1.0,0.0,0.0,3.0,0.0,0.0,0.0,0.0,6.0,1.0,False,0.0,0.0,,20.0,32.0,0.0,1.0,1.0
252,1.0,1.0,4.0,30.0,0.0,0.0,0.0,0.0,0.0,0.0,0.0,0.0,0.0,0.0,1.0,False,0.0,0.0,,10.0,30.0,0.0,0.0,0.0
253,4.0,2.0,2.0,112.0,1.0,1.0,0.0,0.0,1.0,0.0,6.0,5.0,0.0,10.0,0.0,False,0.0,1.0,False,20.0,10.0,74.0,1.0,1.0
254,2.0,1.0,3.0,50.0,2.0,0.0,0.0,0.0,0.0,0.0,0.0,0.0,0.0,5.0,1.0,False,0.0,0.0,,12.0,50.0,0.0,0.0,0.0
255,3.0,2.0,2.0,109.0,2.0,0.0,0.0,0.0,1.0,0.0,5.0,4.0,0.0,18.0,1.0,False,0.0,0.0,,15.0,10.0,76.0,1.0,1.0
256,3.0,2.0,3.0,118.0,0.0,0.0,0.0,0.0,1.0,0.0,3.0,2.0,0.0,24.0,1.0,False,0.0,1.0,,19.0,13.0,78.0,1.0,1.0
257,3.0,1.0,8.0,131.0,7.0,0.0,0.0,0.0,0.0,0.0,0.0,0.0,0.0,8.0,0.0,False,0.0,0.0,False,14.0,110.0,0.0,1.0,0.0
258,3.0,2.0,4.0,63.0,1.0,1.0,0.0,0.0,2.0,0.0,0.0,0.0,0.0,0.0,1.0,False,0.0,0.0,,24.0,63.0,0.0,0.0,0.0
259,1.0,1.0,4.0,32.0,0.0,0.0,0.0,0.0,0.0,0.0,0.0,0.0,0.0,4.0,1.0,False,0.0,0.0,,14.0,32.0,0.0,0.0,0.0
260,2.0,2.0,4.0,102.0,9.0,1.0,0.0,0.0,0.0,0.0,0.0,0.0,0.0,0.0,1.0,None,0.0,0.0,,21.0,74.0,0.0,1.0,1.0
261,1.0,1.0,5.0,163.0,5.0,0.0,0.0,0.0,1.0,6.0,1.0,0.0,0.0,16.0,1.0,False,0.0,0.0,,21.0,76.0,86.0,0.0,0.0
262,3.0,2.0,4.0,68.0,6.0,0.0,0.0,0.0,0.0,0.0,0.0,0.0,0.0,6.0,1.0,False,0.0,0.0,,27.0,68.0,0.0,0.0,0.0
263,3.0,2.0,2.0,58.0,0.0,0.0,0.0,0.0,1.0,0.0,2.0,1.0,0.0,2.0,1.0,False,0.0,0.0,,17.0,17.0,16.0,1.0,1.0
264,2.0,2.0,3.0,47.0,0.0,0.0,0.0,0.0,2.0,0.0,0.0,0.0,0.0,0.0,1.0,False,0.0,0.0,,20.0,47.0,0.0,0.0,0.0
265,3.0,2.0,3.0,38.0,1.0,0.0,0.0,0.0,0.0,0.0,1.0,0.0,0.0,0.0,1.0,False,0.0,0.0,,12.0,31.0,6.0,0.0,0.0
266,2.0,1.0,3.0,61.0,0.0,0.0,0.0,0.0,0.0,0.0,2.0,1.0,0.0,0.0,1.0,False,0.0,0.0,,16.0,30.0,30.0,0.0,0.0
267,2.0,1.0,2.0,37.0,0.0,0.0,0.0,0.0,0.0,0.0,0.0,0.0,0.0,0.0,1.0,False,0.0,0.0,,24.0,37.0,0.0,0.0,0.0
268,1.0,1.0,6.0,64.0,3.0,0.0,0.0,0.0,0.0,0.0,0.0,0.0,0.0,6.0,1.0,False,0.0,0.0,,14.0,64.0,0.0,0.0,0.0
269,2.0,1.0,4.0,45.0,0.0,0.0,0.0,0.0,2.0,0.0,0.0,0.0,0.0,3.0,1.0,False,0.0,1.0,,14.0,45.0,0.0,0.0,0.0
270,1.0,1.0,5.0,67.0,4.0,0.0,0.0,0.0,0.0,0.0,0.0,0.0,0.0,10.0,1.0,False,0.0,0.0,,17.0,67.0,0.0,0.0,0.0
271,2.0,1.0,3.0,51.0,1.0,1.0,0.0,0.0,0.0,0.0,1.0,0.0,0.0,2.0,1.0,False,0.0,0.0,,20.0,39.0,11.0,0.0,0.0
272,2.0,1.0,3.0,39.0,0.0,0.0,0.0,0.0,0.0,0.0,1.0,0.0,0.0,5.0,0.0,False,0.0,0.0,,12.0,27.0,11.0,0.0,0.0
273,2.0,1.0,2.0,38.0,2.0,1.0,0.0,0.0,0.0,0.0,0.0,0.0,0.0,0.0,0.0,False,0.0,0.0,,24.0,38.0,0.0,0.0,0.0
274,1.0,1.0,2.0,13.0,0.0,0.0,0.0,0.0,0.0,0.0,0.0,0.0,0.0,0.0,1.0,False,0.0,0.0,,12.0,13.0,0.0,0.0,0.0
275,2.0,1.0,2.0,63.0,1.0,1.0,0.0,0.0,1.0,0.0,2.0,1.0,0.0,3.0,1.0,False,0.0,0.0,,14.0,9.0,32.0,1.0,1.0
276,4.0,3.0,4.0,35.0,0.0,0.0,0.0,0.0,0.0,0.0,0.0,0.0,0.0,0.0,1.0,None,0.0,0.0,,13.0,35.0,0.0,0.0,0.0
277,1.0,1.0,2.0,17.0,0.0,0.0,0.0,0.0,0.0,0.0,0.0,0.0,0.0,0.0,0.0,False,0.0,0.0,,16.0,17.0,0.0,0.0,0.0
278,2.0,1.0,3.0,34.0,0.0,0.0,0.0,0.0,1.0,0.0,0.0,0.0,0.0,0.0,1.0,False,0.0,0.0,,14.0,34.0,0.0,0.0,0.0
279,3.0,1.0,2.0,103.0,0.0,0.0,0.0,0.0,2.0,0.0,4.0,3.0,0.0,3.0,1.0,False,0.0,0.0,,23.0,10.0,62.0,1.0,1.0
280,1.0,1.0,5.0,54.0,2.0,0.0,0.0,0.0,0.0,0.0,0.0,0.0,0.0,5.0,1.0,False,0.0,0.0,,12.0,54.0,0.0,0.0,0.0
281,2.0,1.0,2.0,74.0,0.0,0.0,0.0,0.0,0.0,0.0,4.0,3.0,0.0,4.0,1.0,False,0.0,0.0,,11.0,25.0,48.0,0.0,0.0
282,1.0,1.0,4.0,72.0,3.0,0.0,0.0,0.0,0.0,0.0,0.0,0.0,0.0,6.0,1.0,False,0.0,0.0,,19.0,46.0,0.0,1.0,1.0
283,1.0,1.0,3.0,45.0,3.0,0.0,0.0,0.0,0.0,0.0,0.0,0.0,0.0,5.0,1.0,False,0.0,0.0,,18.0,45.0,0.0,0.0,0.0
284,4.0,2.0,5.0,80.0,6.0,0.0,0.0,0.0,0.0,0.0,1.0,0.0,0.0,17.0,1.0,False,0.0,0.0,,17.0,47.0,8.0,1.0,1.0
285,3.0,2.0,2.0,61.0,0.0,0.0,0.0,0.0,0.0,3.0,1.0,0.0,0.0,3.0,1.0,None,0.0,0.0,,15.0,10.0,28.0,1.0,1.0
286,2.0,2.0,4.0,67.0,4.0,1.0,0.0,0.0,0.0,0.0,0.0,0.0,0.0,0.0,0.0,False,0.0,0.0,False,20.0,40.0,0.0,1.0,1.0
287,2.0,1.0,5.0,75.0,3.0,0.0,0.0,0.0,0.0,0.0,1.0,0.0,0.0,6.0,1.0,False,0.0,0.0,,10.0,43.0,14.0,1.0,1.0
288,1.0,1.0,3.0,34.0,1.0,0.0,0.0,0.0,0.0,0.0,0.0,0.0,0.0,0.0,1.0,False,0.0,0.0,,23.0,34.0,0.0,0.0,0.0
289,2.0,2.0,5.0,65.0,4.0,2.0,0.0,0.0,0.0,0.0,0.0,0.0,0.0,4.0,0.0,False,0.0,1.0,False,29.0,29.0,0.0,1.0,1.0
290,1.0,1.0,4.0,64.0,1.0,0.0,0.0,0.0,0.0,0.0,1.0,0.0,0.0,15.0,1.0,False,0.0,0.0,,12.0,56.0,7.0,0.0,0.0
291,2.0,1.0,2.0,60.0,1.0,0.0,0.0,0.0,0.0,0.0,0.0,0.0,0.0,9.0,1.0,False,0.0,0.0,,18.0,60.0,0.0,0.0,0.0
292,3.0,3.0,2.0,19.0,0.0,0.0,0.0,0.0,0.0,0.0,0.0,0.0,0.0,2.0,0.0,False,0.0,0.0,,18.0,19.0,0.0,0.0,0.0
293,3.0,2.0,5.0,69.0,2.0,0.0,0.0,0.0,1.0,0.0,0.0,0.0,0.0,10.0,1.0,False,0.0,0.0,,27.0,69.0,0.0,0.0,0.0
294,1.0,1.0,5.0,40.0,0.0,0.0,0.0,0.0,0.0,0.0,1.0,0.0,0.0,5.0,1.0,False,0.0,0.0,,13.0,36.0,3.0,0.0,0.0
295,2.0,1.0,2.0,49.0,0.0,0.0,0.0,0.0,0.0,0.0,2.0,1.0,0.0,15.0,1.0,False,0.0,0.0,,12.0,22.0,26.0,0.0,0.0
296,2.0,2.0,2.0,22.0,0.0,0.0,0.0,0.0,0.0,0.0,0.0,0.0,0.0,0.0,1.0,False,0.0,0.0,,21.0,22.0,0.0,0.0,0.0
297,4.0,3.0,2.0,94.0,0.0,0.0,0.0,0.0,1.0,0.0,5.0,4.0,0.0,4.0,0.0,False,0.0,0.0,False,21.0,10.0,55.0,1.0,1.0
298,4.0,3.0,2.0,38.0,0.0,0.0,0.0,0.0,0.0,0.0,0.0,0.0,0.0,0.0,1.0,False,0.0,0.0,,20.0,11.0,0.0,1.0,1.0
299,1.0,1.0,5.0,92.0,6.0,0.0,0.0,0.0,2.0,0.0,0.0,0.0,0.0,7.0,1.0,False,0.0,0.0,,14.0,71.0,0.0,1.0,0.0
300,1.0,1.0,2.0,13.0,0.0,0.0,0.0,0.0,0.0,0.0,0.0,0.0,0.0,0.0,1.0,False,0.0,0.0,,12.0,13.0,0.0,0.0,0.0
301,3.0,2.0,3.0,65.0,2.0,0.0,0.0,0.0,0.0,0.0,0.0,0.0,0.0,0.0,1.0,False,0.0,0.0,,32.0,26.0,0.0,1.0,1.0
302,3.0,2.0,2.0,121.0,0.0,0.0,0.0,0.0,1.0,0.0,5.0,4.0,0.0,7.0,1.0,False,0.0,1.0,,20.0,10.0,83.0,1.0,1.0
303,1.0,1.0,6.0,59.0,3.0,0.0,0.0,0.0,0.0,0.0,0.0,0.0,0.0,0.0,1.0,False,0.0,0.0,,11.0,59.0,0.0,0.0,0.0
304,1.0,1.0,2.0,31.0,0.0,0.0,0.0,0.0,0.0,0.0,1.0,0.0,0.0,1.0,1.0,False,0.0,0.0,,11.0,17.0,13.0,0.0,0.0
305,2.0,2.0,3.0,45.0,1.0,0.0,0.0,0.0,1.0,0.0,0.0,0.0,0.0,0.0,1.0,False,0.0,0.0,,16.0,45.0,0.0,0.0,0.0
306,3.0,2.0,2.0,34.0,0.0,0.0,0.0,0.0,0.0,0.0,0.0,0.0,0.0,0.0,1.0,False,0.0,0.0,,21.0,6.0,0.0,1.0,1.0
307,4.0,3.0,3.0,71.0,0.0,0.0,0.0,0.0,1.0,0.0,2.0,1.0,0.0,0.0,1.0,False,0.0,1.0,,19.0,15.0,29.0,1.0,1.0
308,2.0,1.0,3.0,54.0,3.0,0.0,0.0,0.0,0.0,0.0,0.0,0.0,0.0,6.0,0.0,False,0.0,0.0,,14.0,54.0,0.0,0.0,0.0
309,1.0,1.0,2.0,32.0,0.0,0.0,0.0,0.0,0.0,0.0,1.0,0.0,0.0,4.0,1.0,False,0.0,0.0,,10.0,11.0,20.0,0.0,0.0
310,2.0,2.0,2.0,30.0,0.0,0.0,0.0,0.0,0.0,0.0,1.0,0.0,0.0,4.0,1.0,False,0.0,0.0,,22.0,23.0,6.0,0.0,0.0
311,2.0,2.0,3.0,57.0,0.0,0.0,0.0,0.0,2.0,0.0,0.0,0.0,0.0,0.0,1.0,False,0.0,0.0,,16.0,57.0,0.0,0.0,0.0
312,1.0,1.0,3.0,41.0,1.0,0.0,0.0,0.0,0.0,0.0,0.0,0.0,0.0,0.0,1.0,False,0.0,0.0,,21.0,41.0,0.0,0.0,0.0
313,1.0,1.0,4.0,35.0,0.0,0.0,0.0,0.0,0.0,0.0,0.0,0.0,0.0,0.0,1.0,False,0.0,0.0,,18.0,35.0,0.0,0.0,0.0
314,1.0,1.0,2.0,23.0,0.0,0.0,0.0,0.0,0.0,0.0,0.0,0.0,0.0,0.0,0.0,False,0.0,0.0,,10.0,23.0,0.0,0.0,0.0
315,3.0,1.0,4.0,121.0,0.0,0.0,0.0,0.0,2.0,0.0,0.0,0.0,0.0,18.0,1.0,False,0.0,0.0,,10.0,104.0,0.0,1.0,0.0
316,1.0,1.0,2.0,31.0,0.0,0.0,0.0,0.0,0.0,0.0,1.0,0.0,0.0,2.0,1.0,False,0.0,0.0,,11.0,17.0,13.0,0.0,0.0
317,1.0,1.0,2.0,13.0,0.0,0.0,0.0,0.0,0.0,0.0,0.0,0.0,0.0,0.0,1.0,False,0.0,0.0,,12.0,13.0,0.0,0.0,0.0
318,1.0,1.0,2.0,13.0,0.0,0.0,0.0,0.0,0.0,0.0,0.0,0.0,0.0,0.0,0.0,False,0.0,0.0,,12.0,13.0,0.0,0.0,0.0
319,1.0,1.0,4.0,45.0,1.0,0.0,0.0,0.0,0.0,0.0,0.0,0.0,0.0,6.0,1.0,False,0.0,0.0,,11.0,45.0,0.0,0.0,0.0
320,2.0,1.0,6.0,150.0,15.0,0.0,0.0,0.0,0.0,0.0,0.0,0.0,0.0,6.0,1.0,False,0.0,0.0,,15.0,150.0,0.0,0.0,0.0
321,2.0,2.0,5.0,63.0,3.0,0.0,0.0,0.0,0.0,0.0,0.0,0.0,0.0,0.0,0.0,False,0.0,0.0,,18.0,63.0,0.0,0.0,0.0
322,1.0,1.0,2.0,13.0,0.0,0.0,0.0,0.0,0.0,0.0,0.0,0.0,0.0,0.0,1.0,False,0.0,0.0,,12.0,13.0,0.0,0.0,0.0
323,2.0,1.0,4.0,81.0,0.0,0.0,0.0,0.0,1.0,0.0,0.0,0.0,0.0,4.0,0.0,False,0.0,0.0,,11.0,81.0,0.0,0.0,0.0
324,2.0,1.0,5.0,121.0,11.0,0.0,0.0,0.0,1.0,0.0,1.0,0.0,0.0,5.0,1.0,False,0.0,0.0,,11.0,84.0,18.0,1.0,0.0
325,3.0,2.0,6.0,77.0,0.0,0.0,0.0,0.0,1.0,2.0,1.0,0.0,0.0,7.0,1.0,False,0.0,0.0,,20.0,33.0,16.0,1.0,1.0
326,1.0,1.0,4.0,49.0,3.0,0.0,0.0,0.0,0.0,0.0,0.0,0.0,0.0,2.0,1.0,False,0.0,0.0,,9.0,49.0,0.0,0.0,0.0
327,2.0,1.0,4.0,66.0,4.0,0.0,0.0,0.0,0.0,0.0,0.0,0.0,0.0,10.0,1.0,False,0.0,0.0,,14.0,66.0,0.0,0.0,0.0
328,3.0,2.0,3.0,28.0,0.0,0.0,0.0,0.0,0.0,0.0,0.0,0.0,0.0,2.0,1.0,False,0.0,0.0,,15.0,28.0,0.0,0.0,0.0
